decolorar	bleach
decomisar	confiscate
decorar	decorate
decorticar	decorticate
decrecer	decrease
decretar	decree
dedicar	dedicate
defecar	defecate
defender	defend
defenestrar	defenestrate
deforestar	deforest
deformar	deform
defraudar	defraud
degenerar	degenerate
deglutir	swallow
degollar	behead
degradar	degrade
degustar	taste
deificar	deify
dejar	leave
delatar	denounce
delegar	delegate
deleitar	delight
deletrear	spell
deliberar	deliberate
delimitar	delimit
delinear	delineate
delirar	be delirious
demacrar	become emaciated
demandar	sue
demarcar	demarcate
demarrar	sprint away
democratizar	democratize
demoler	demolish
demorar	delay
demostrar	demonstrate
demudar	alter
denegar	deny
denigrar	denigrate
denominar	name
denostar	insult
denotar	denote
denunciar	report
deparar	provide
departir	converse
depauperar	impoverish
depender	depend
depilar	wax
deplorar	deplore
deponer	depose
deportar	deport
depositar	deposit
depravar	deprave
depreciar	depreciate
depredar	prey on
deprimir	depress
depurar	purge
derechizar	move rightward
derivar	derive
derogar	repeal
derramar	spill
derrapar	skid
derrengar	cripple
derretir	melt
derribar	knock down
derrocar	overthrow
derrochar	squander
derrotar	defeat
derruir	demolish
derrumbar	demolish
desabastecer	leave unsupplied
desabollar	undent
desabotonar	unbutton
desabrigar	uncover
desabrochar	unfasten
desacatar	disobey
desacelerar	decelerate
desacertar	get wrong
desaclimatar	deacclimatize
desacomodar	inconvenience
desaconsejar	advise against
desacoplar	uncouple
desacostumbrar	break a habit
desacreditar	discredit
desactivar	deactivate
desacuartelar	withdraw from quarters
desafiar	challenge
desafinar	sing out of tune
desagradar	displease
desagraviar	make amends
desaguar	drain
desahogar	vent
desahuciar	evict
desajustar	loosen
desalar	desalinate
desalentar	discourage
desalinear	misalign
desalinizar	desalinate
desaliñar	make untidy
desalojar	evacuate
desalquilar	stop renting
desamortizar	disentail
desamparar	abandon
desamueblar	unfurnish
desanclar	unanchor
desandar	retrace
desangrar	bleed
desanudar	untie
desaparecer	disappear
desapasionar	cool passion
desapegar	detach
desapretar	loosen
desaprobar	disapprove
desaprovechar	waste
desarbolar	dismast
desarmar	disarm
desarmonizar	disharmonize
desarraigar	uproot
desarreglar	mess up
desarrendar	stop leasing
desarrimar	move away
desarrollar	develop
desarropar	uncover
desarrugar	smooth out
desarticular	dismantle
desasir	let go
desasistir	neglect
desasnar	educate
desasosegar	disquiet
desatar	untie
desatascar	unclog
desatender	neglect
desatornillar	unscrew
desatrancar	unblock
desautorizar	deauthorize
desayunar	eat breakfast
desazonar	upset
desbancar	supplant
desbarajustar	disarrange
desbaratar	ruin
desbarbar	trim
desbarrancar	push off a cliff
desbarrar	talk nonsense
desbastar	rough out
desbloquear	unblock
desbocar	bolt
desbordar	overflow
desbravar	tame
desbrozar	clear brush
descabalar	leave incomplete
descabalgar	dismount
descabellar	kill with a sword thrust
descabezar	behead
descacharrar	break
descalabrar	wound the head
descalcificar	decalcify
descalificar	disqualify
descalzar	take off shoes
descamar	scale
descambiar	exchange back
descansar	rest
descaperuzar	remove a hood
descapotar	put the top down
descargar	unload
descarnar	strip flesh
descarriar	lead astray
descarrilar	derail
descartar	discard
descasar	annul a marriage
descascarillar	flake off
descastar	exterminate
descender	descend
descentralizar	decentralize
descentrar	off-center
descerebrar	remove the brain
descerrajar	break a lock
descifrar	decipher
desclasificar	declassify
desclavar	pull out a nail
descocar	act brazenly
descodificar	decode
descolgar	take down
descollar	stand out
descolocar	misplace
descolonizar	decolonize
descompasar	throw off rhythm
descompensar	unbalance
descomponer	decompose
descomprimir	decompress
desconcertar	disconcert
desconchar	chip
desconectar	disconnect
desconfiar	distrust
descongelar	defrost
descongestionar	decongest
desconocer	not know
desconsiderar	disregard
descontaminar	decontaminate
descontar	discount
descontentar	displease
descontextualizar	decontextualize
descontrolar	lose control
desconvocar	call off
descorazonar	dishearten
descorchar	uncork
descorrer	draw back
descoser	unstitch
descoyuntar	dislocate
descreer	disbelieve
descremar	skim
describir	describe
descuadrar	not add up
descuajar	uproot
descuajeringar	break apart
descuartizar	quarter
descubrir	discover
descuidar	neglect
desdecir	retract
desdeñar	disdain
desdibujar	blur
desdoblar	unfold
desdramatizar	play down
desecar	dry up
desechar	discard
desembalar	unpack
desembarazar	rid
desembarcar	disembark
desembargar	lift an embargo
desembarrancar	refloat
desembarrar	remove mud
desembocar	flow into
desembolsar	disburse
desembragar	disengage the clutch
desembrollar	untangle
desembrujar	disenchant
desembuchar	blurt out
desempacar	unpack
desempalmar	disconnect
desempañar	demist
desempapelar	strip wallpaper
desempaquetar	unpack
desemparejar	unpair
desempatar	break a tie
desempedrar	remove paving
desempeñar	carry out
desempolvar	dust off
desempotrar	unfix
desenamorar	fall out of love
desencadenar	unleash
desencajar	dislodge
desencajonar	unbox
desencallar	refloat
desencaminar	misdirect
desencantar	disenchant
desencapotar	clear up
desencarcelar	free from prison
desencasquillar	unjam
desenchufar	unplug
desenclavar	pry loose
desencolar	unglue
desencorvar	straighten
desencuadernar	unbind
desenfadar	calm down
desenfocar	defocus
desenfrenar	unbridle
desenfundar	draw
desenfurruñar	cheer up
desenganchar	unhook
desengañar	disabuse
desengrasar	degrease
desenhebrar	unthread
desenjaular	uncage
desenladrillar	remove bricks
desenlazar	resolve
desenmarañar	untangle
desenmascarar	unmask
desenraizar	uproot
desenredar	untangle
desenrollar	unroll
desenroscar	unscrew
desensibilizar	desensitize
desensillar	unsaddle
desentablillar	remove a splint
desentenderse	feign ignorance
desenterrar	exhume
desentoldar	remove an awning
desentonar	clash
desentrañar	unravel
desentrenar	get out of training
desentumecer	loosen up
desenvainar	unsheathe
desenvolver	unwrap
desequilibrar	unbalance
desertar	desert
desertificar	desertify
desertizar	desertify
desescombrar	clear rubble
desesperar	despair
desestabilizar	destabilize
desestimar	dismiss
